sequenceID	name	exogenous	locus	clade	gb_lab_construct	isolate	country	collection_year	host_sci_name
AB021506	Human betaherpesvirus 6B	-	-	-	-	HST	-	-	-
DD138891	Human betaherpesvirus 6B	-	-	-	-	-	-	-	-
DJ052726	Human betaherpesvirus 6B	-	-	-	-	-	-	-	-
DL242080	Human betaherpesvirus 6B	-	-	-	-	-	-	-	-
FV537026	Human betaherpesvirus 6A	-	-	-	-	-	-	-	-
FV537027	Human betaherpesvirus 6A	-	-	-	-	-	-	-	-
FV537028	Human betaherpesvirus 6A	-	-	-	-	-	-	-	-
FV537029	Human betaherpesvirus 6A	-	-	-	-	-	-	-	-
FV537030	Human betaherpesvirus 6B	-	-	-	-	-	-	-	-
FV537031	Human betaherpesvirus 6B	-	-	-	-	-	-	-	-
FV537032	Human betaherpesvirus 6B	-	-	-	-	-	-	-	-
FV537033	Human betaherpesvirus 6B	-	-	-	-	-	-	-	-
KC465951	Human betaherpesvirus 6A	-	-	-	-	GS	USA	1985	Homo sapiens
KJ123690	Human betaherpesvirus 6A	-	-	A1	-	GS	USA	-	-
KP257584	Human betaherpesvirus 6A	-	-	A1	-	AJ	Gambia	1987	Homo sapiens
KT355575	Human betaherpesvirus 6A	TRUE	Chr19p	A3	-	LEI_1501	United Kingdom	-	Homo sapiens
KY239023	Human betaherpesvirus 6	-	-	-	-	japan-a1	Japan	2015	Homo sapiens
KY274487	Human betaherpesvirus 6	-	-	-	-	japan-a2	Japan	2015	Homo sapiens
KY274488	Human betaherpesvirus 6	-	-	-	-	japan-a3	Japan	2015	Homo sapiens
KY274489	Human betaherpesvirus 6	-	-	-	-	japan-a4	Japan	2015	Homo sapiens
KY274490	Human betaherpesvirus 6	-	-	-	-	japan-a5	Japan	2015	Homo sapiens
KY274491	Human betaherpesvirus 6	-	-	-	-	japan-a7	Japan	2015	Homo sapiens
KY274492	Human betaherpesvirus 6	-	-	-	-	japan-a8	Japan	2015	Homo sapiens
KY274493	Human betaherpesvirus 6	-	-	-	-	japan-a9	Japan	2015	Homo sapiens
KY274494	Human betaherpesvirus 6	-	-	-	-	japan-a10	Japan	2015	Homo sapiens
KY274495	Human betaherpesvirus 6	-	-	-	-	japan-a11	Japan	2015	Homo sapiens
KY274496	Human betaherpesvirus 6	-	-	-	-	japan-b1	Japan	2015	Homo sapiens
KY274497	Human betaherpesvirus 6	-	-	-	-	japan-b2	Japan	2015	Homo sapiens
KY274498	Human betaherpesvirus 6	-	-	-	-	japan-b3	Japan	2015	Homo sapiens
KY274499	Human betaherpesvirus 6	-	-	-	-	japan-b4	Japan	2015	Homo sapiens
KY274500	Human betaherpesvirus 6	-	-	-	-	japan-b5	Japan	2015	Homo sapiens
KY274501	Human betaherpesvirus 6	-	-	-	-	japan-b7	Japan	2015	Homo sapiens
KY274502	Human betaherpesvirus 6	-	-	-	-	japan-b8	Japan	2015	Homo sapiens
KY274503	Human betaherpesvirus 6	-	-	-	-	japan-b9	Japan	2015	Homo sapiens
KY274504	Human betaherpesvirus 6	-	-	-	-	japan-b10	Japan	2015	Homo sapiens
KY274505	Human betaherpesvirus 6	-	-	-	-	japan-b11	Japan	2015	Homo sapiens
KY274506	Human betaherpesvirus 6	-	-	-	-	HP10A10	USA	-	Homo sapiens
KY274507	Human betaherpesvirus 6	-	-	-	-	HP10H9	USA	-	Homo sapiens
KY274508	Human betaherpesvirus 6	-	-	-	-	HP15A11	USA	-	Homo sapiens
KY274509	Human betaherpesvirus 6	-	-	-	-	HP15H9	USA	-	Homo sapiens
KY274510	Human betaherpesvirus 6	-	-	-	-	HP17H8	USA	-	Homo sapiens
KY274511	Human betaherpesvirus 6	-	-	-	-	HP19G7	USA	-	Homo sapiens
KY274512	Human betaherpesvirus 6	-	-	-	-	HP21F9	USA	-	Homo sapiens
KY274513	Human betaherpesvirus 6	-	-	-	-	HP23G12	USA	-	Homo sapiens
KY274514	Human betaherpesvirus 6	-	-	-	-	HP24D3	USA	-	Homo sapiens
KY274515	Human betaherpesvirus 6	-	-	-	-	HP26A11	USA	-	Homo sapiens
KY274516	Human betaherpesvirus 6	-	-	-	-	HP30A9	USA	-	Homo sapiens
KY274517	Human betaherpesvirus 6	-	-	-	-	HP30E3	USA	-	Homo sapiens
KY274518	Human betaherpesvirus 6	-	-	-	-	HP31C9	United Kingdom	-	Homo sapiens
KY274519	Human betaherpesvirus 6	-	-	-	-	HP33G9	USA	-	Homo sapiens
KY274520	Human betaherpesvirus 6	-	-	-	-	HP34B2	USA	-	Homo sapiens
KY274521	Human betaherpesvirus 6	-	-	-	-	HP34B3	USA	-	Homo sapiens
KY274522	Human betaherpesvirus 6B	TRUE	Chr9q	B6	-	HP34D9	USA	-	Homo sapiens
KY274523	Human betaherpesvirus 6	-	-	-	-	HP36G11	USA	-	Homo sapiens
KY274524	Human betaherpesvirus 6	-	-	-	-	HP38H8	USA	-	Homo sapiens
KY274525	Human betaherpesvirus 6	-	-	-	-	HP42C9	USA	-	Homo sapiens
KY290171	Human betaherpesvirus 6	-	-	-	-	HP44C1	USA	-	Homo sapiens
KY290172	Human betaherpesvirus 6	-	-	-	-	HP49H10	USA	-	Homo sapiens
KY290173	Human betaherpesvirus 6	-	-	-	-	HP51D11	USA	-	Homo sapiens
KY290174	Human betaherpesvirus 6	-	-	-	-	HP54B4	USA	-	Homo sapiens
KY290175	Human betaherpesvirus 6	-	-	-	-	HP54H11	USA	-	Homo sapiens
KY290176	Human betaherpesvirus 6	-	-	-	-	HP58A9	USA	-	Homo sapiens
KY290177	Human betaherpesvirus 6	-	-	-	-	HP58B9	USA	-	Homo sapiens
KY290178	Human betaherpesvirus 6B	TRUE	Chr15p	B7	-	HP61C11	USA	-	Homo sapiens
KY290179	Human betaherpesvirus 6	-	-	-	-	HP63F10	USA	-	Homo sapiens
KY290180	Human betaherpesvirus 6	-	-	-	-	HP67A4	USA	-	Homo sapiens
KY290181	Human betaherpesvirus 6A	TRUE	Chr17p	A2	-	HP69A10	USA	-	Homo sapiens
KY290182	Human betaherpesvirus 6	-	-	-	-	HP69F10	USA	-	Homo sapiens
KY290183	Human betaherpesvirus 6	-	-	-	-	HP73C5	USA	-	Homo sapiens
KY290184	Human betaherpesvirus 6	-	-	-	-	HP100E10	-	-	Homo sapiens
KY290185	Human betaherpesvirus 6	-	-	-	-	HP104A5	USA	-	Homo sapiens
KY290186	Human betaherpesvirus 6	-	-	-	-	HP104C1	USA	-	Homo sapiens
KY290187	Human betaherpesvirus 6	-	-	-	-	NY-32	USA	-	Homo sapiens
KY290188	Human betaherpesvirus 6	-	-	-	-	NY-40	USA	-	Homo sapiens
KY290189	Human betaherpesvirus 6	-	-	-	-	NY-104	USA	-	Homo sapiens
KY290190	Human betaherpesvirus 6	-	-	-	-	NY-129	USA	-	Homo sapiens
KY290191	Human betaherpesvirus 6	-	-	-	-	NY-144	USA	-	Homo sapiens
KY290192	Human betaherpesvirus 6	-	-	-	-	NY-156	USA	-	Homo sapiens
KY290193	Human betaherpesvirus 6	-	-	-	-	NY-200	USA	-	Homo sapiens
KY290194	Human betaherpesvirus 6	-	-	-	-	NY-214	USA	-	Homo sapiens
KY290195	Human betaherpesvirus 6	-	-	-	-	NY-233	USA	-	Homo sapiens
KY290196	Human betaherpesvirus 6	-	-	-	-	NY-236	USA	-	Homo sapiens
KY290197	Human betaherpesvirus 6	-	-	-	-	NY-241	USA	-	Homo sapiens
KY290198	Human betaherpesvirus 6	-	-	-	-	NY-275	USA	-	Homo sapiens
KY290199	Human betaherpesvirus 6	-	-	-	-	NY-306	USA	-	Homo sapiens
KY290200	Human betaherpesvirus 6	-	-	-	-	NY-309	USA	-	Homo sapiens
KY290201	Human betaherpesvirus 6	-	-	-	-	NY-310	USA	-	Homo sapiens
KY290202	Human betaherpesvirus 6	-	-	-	-	NY-317	USA	-	Homo sapiens
KY290203	Human betaherpesvirus 6	-	-	-	-	NY-319	USA	-	Homo sapiens
KY290204	Human betaherpesvirus 6	-	-	-	-	NY-332	USA	-	Homo sapiens
KY290205	Human betaherpesvirus 6	-	-	-	-	NY-335	USA	-	Homo sapiens
KY290206	Human betaherpesvirus 6	-	-	-	-	NY-338	USA	-	Homo sapiens
KY290207	Human betaherpesvirus 6	-	-	-	-	NY-350	USA	-	Homo sapiens
KY290208	Human betaherpesvirus 6	-	-	-	-	NY-351	USA	-	Homo sapiens
KY290209	Human betaherpesvirus 6	-	-	-	-	NY-353	USA	-	Homo sapiens
KY290210	Human betaherpesvirus 6	-	-	-	-	NY-357	USA	-	Homo sapiens
KY290211	Human betaherpesvirus 6	-	-	-	-	NY-373	USA	-	Homo sapiens
KY290212	Human betaherpesvirus 6	-	-	-	-	NY-379	USA	-	Homo sapiens
KY290213	Human betaherpesvirus 6	-	-	-	-	NY-380	USA	-	Homo sapiens
KY290214	Human betaherpesvirus 6	-	-	-	-	NY-390	USA	-	Homo sapiens
KY290215	Human betaherpesvirus 6	-	-	-	-	NY-393	USA	-	Homo sapiens
KY290216	Human betaherpesvirus 6	-	-	-	-	NY-394	USA	-	Homo sapiens
KY290217	Human betaherpesvirus 6	-	-	-	-	NY-397	USA	-	Homo sapiens
KY290218	Human betaherpesvirus 6	-	-	-	-	NY-399	USA	-	Homo sapiens
KY290219	Human betaherpesvirus 6	-	-	-	-	NY-405	USA	-	Homo sapiens
KY290220	Human betaherpesvirus 6	-	-	-	-	NY-434	USA	-	Homo sapiens
KY290221	Human betaherpesvirus 6	-	-	-	-	NY-436	USA	-	Homo sapiens
KY315520	Human betaherpesvirus 6	-	-	-	-	DNRC11	USA	-	Homo sapiens
KY315521	Human betaherpesvirus 6	-	-	-	-	HP1F1	USA	-	Homo sapiens
KY315522	Human betaherpesvirus 6	-	-	-	-	HP2C10	USA	-	Homo sapiens
KY315523	Human betaherpesvirus 6	-	-	-	-	HP4A11	USA	-	Homo sapiens
KY315524	Human betaherpesvirus 6	-	-	-	-	HP4C10	USA	-	Homo sapiens
KY315525	Human betaherpesvirus 6	-	-	-	-	HP5E3	USA	-	Homo sapiens
KY315526	Human betaherpesvirus 6	-	-	-	-	HP6G12	USA	-	Homo sapiens
KY315527	Human betaherpesvirus 6	-	-	-	-	HP8H1	USA	-	Homo sapiens
KY315528	Human betaherpesvirus 6	-	-	-	-	HP12F5	USA	-	Homo sapiens
KY315529	Human betaherpesvirus 6	-	-	-	-	HP12G6	USA	-	Homo sapiens
KY315530	Human betaherpesvirus 6	-	-	-	-	HP12H12	USA	-	Homo sapiens
KY315531	Human betaherpesvirus 6	-	-	-	-	HP23A7	USA	-	Homo sapiens
KY315532	Human betaherpesvirus 6	-	-	-	-	HP33A7	United Kingdom	-	Homo sapiens
KY315533	Human betaherpesvirus 6	-	-	-	-	HP36C6	Australia	-	Homo sapiens
KY315534	Human betaherpesvirus 6	-	-	-	-	HP40E6	USA	-	Homo sapiens
KY315535	Human betaherpesvirus 6	-	-	-	-	HP43E10	USA	-	Homo sapiens
KY315536	Human betaherpesvirus 6B	TRUE	Ch17p	B8		HP46B12	USA	-	Homo sapiens
KY315537	Human betaherpesvirus 6	-	-	-	-	HP51G12	-	-	Homo sapiens
KY315538	Human betaherpesvirus 6	-	-	-	-	HP71B11	Germany	-	Homo sapiens
KY315539	Human betaherpesvirus 6	-	-	-	-	HP71F1	USA	-	Homo sapiens
KY315540	Human betaherpesvirus 6A	TRUE	Chr18q	A4	-	HP73F12	Germany	-	Homo sapiens
KY315541	Human betaherpesvirus 6	-	-	-	-	HP79D8	USA	-	Homo sapiens
KY315542	Human betaherpesvirus 6	-	-	-	-	HP81C2	USA	-	Homo sapiens
KY315543	Human betaherpesvirus 6	-	-	-	-	HP81D12	USA	-	Homo sapiens
KY315544	Human betaherpesvirus 6	-	-	-	-	HP83H7	USA	-	Homo sapiens
KY315545	Human betaherpesvirus 6	-	-	-	-	HP88D9	USA	-	Homo sapiens
KY315546	Human betaherpesvirus 6	-	-	-	-	HP88H3	USA	-	Homo sapiens
KY315547	Human betaherpesvirus 6	-	-	-	-	HP91B10	USA	-	Homo sapiens
KY315548	Human betaherpesvirus 6	-	-	-	-	HP93H4	USA	-	Homo sapiens
KY315549	Human betaherpesvirus 6	-	-	-	-	HP94B11	USA	-	Homo sapiens
KY315550	Human betaherpesvirus 6	-	-	-	-	HP95C5	USA	-	Homo sapiens
KY315551	Human betaherpesvirus 6	-	-	-	-	HP96H2	USA	-	Homo sapiens
KY315552	Human betaherpesvirus 6	-	-	-	-	HP96H12	USA	-	Homo sapiens
KY315553	Human betaherpesvirus 6	-	-	-	-	JHPT-B12	USA	-	Homo sapiens
KY315554	Human betaherpesvirus 6	-	-	-	-	JHPT-C12	USA	-	Homo sapiens
KY315555	Human betaherpesvirus 6	-	-	-	-	JHPT-D12	USA	-	Homo sapiens
KY315556	Human betaherpesvirus 6	-	-	-	-	JHPT-D6	USA	-	Homo sapiens
KY315557	Human betaherpesvirus 6B	-	-	B3	-	JHPT-E5	USA	-	Homo sapiens
KY315558	Human betaherpesvirus 6	-	-	-	-	JHPT-G1	USA	-	Homo sapiens
KY316030	Human betaherpesvirus 6B	-	-	-	-	ORCA3835	United Kingdom: Orkney	-	Homo sapiens
KY316031	Human betaherpesvirus 6B	-	-	-	-	ORCA1622	United Kingdom: Orkney	-	Homo sapiens
KY316032	Human betaherpesvirus 6B	-	-	-	-	ORCA1340	United Kingdom: Orkney	-	Homo sapiens
KY316033	Human betaherpesvirus 6B	-	-	-	-	LEI-ALD	United Kingdom	-	Homo sapiens
KY316034	Human betaherpesvirus 6B	-	-	-	-	HGDP01077	Italy: Sardinia	-	Homo sapiens
KY316035	Human betaherpesvirus 6B	-	-	-	-	HGDP01065	Italy: Sardinia	-	Homo sapiens
KY316036	Human betaherpesvirus 6B	-	-	-	-	HGDP00813	China: Han	-	Homo sapiens
KY316037	Human betaherpesvirus 6B	TRUE	Chr15q	NK3	-	HGDP00092	Pakistan: Balochi	-	Homo sapiens
KY316038	Human betaherpesvirus 6B	-	-	-	-	HAPMAP_NA10863	USA: Utah	-	Homo sapiens
KY316039	Human betaherpesvirus 6B	-	-	-	-	HAPMAP NA7022	USA: Utah	-	Homo sapiens
KY316040	Human betaherpesvirus 6B	-	-	-	-	DER512	United Kingdom: England, Derbyshire	-	Homo sapiens
KY316041	Human betaherpesvirus 6B	-	-	-	-	CUM082	United Kingdom: England, Cumbria	-	Homo sapiens
KY316042	Human betaherpesvirus 6B	-	-	-	-	COR264	United Kingdom: England, Cornwall	-	Homo sapiens
KY316043	Human betaherpesvirus 6B	-	-	-	-	BAN519	United Kingdom: Scotland, Banff	-	Homo sapiens
KY316044	Human betaherpesvirus 6B	TRUE	Ch11p	B4	-	4B-11p15.5	United Kingdom	-	Homo sapiens
KY316045	Human betaherpesvirus 6B	-	-	-	-	2B-9q34.3	United Kingdom	-	Homo sapiens
KY316046	Human betaherpesvirus 6B	-	-	-	-	1-ciHHV-6B	United Kingdom	-	Homo sapiens
KY316047	Human betaherpesvirus 6A	-	-	-	-	NA18999	Japan	-	Homo sapiens
KY316048	Human betaherpesvirus 6A	TRUE	Chr17p	A2	-	7A-17p13.3	United Kingdom	-	Homo sapiens
KY316049	Human betaherpesvirus 6A	TRUE	Chr10q	-	-	3A-10q26.3	United Kingdom	-	Homo sapiens
KY316050	Human betaherpesvirus 6B	-	-	-	-	GLA_35629	United Kingdom	-	Homo sapiens
KY316051	Human betaherpesvirus 6B	-	-	-	-	GLA_34108	United Kingdom	-	Homo sapiens
KY316052	Human betaherpesvirus 6B	-	-	-	-	GLA_29221	United Kingdom	-	Homo sapiens
KY316053	Human betaherpesvirus 6B	-	-	-	-	GLA_3986	United Kingdom	-	Homo sapiens
KY316054	Human betaherpesvirus 6A	-	-	-	-	GLA_25506	United Kingdom	-	Homo sapiens
KY316055	Human betaherpesvirus 6A	-	-	-	-	GLA_15137	United Kingdom	-	Homo sapiens
KY316056	Human betaherpesvirus 6A	-	-	-	-	GLA_4298	United Kingdom	-	Homo sapiens
MF511171	Human betaherpesvirus 6	-	-	-	-	02-537-Pa	Uganda	-	Homo sapiens
MF511172	Human betaherpesvirus 6	-	-	-	-	02-537-S3	Uganda	-	Homo sapiens
MF511173	Human betaherpesvirus 6	-	-	-	-	02-542-S1a	Uganda	-	Homo sapiens
MF511174	Human betaherpesvirus 6	-	-	-	-	02-543-Pb	Uganda	-	Homo sapiens
MF511175	Human betaherpesvirus 6	-	-	-	-	02-543-S1a	Uganda	-	Homo sapiens
MF511176	Human betaherpesvirus 6	-	-	-	-	02-572-M	Uganda	-	Homo sapiens
MF994813	Human betaherpesvirus 6A	-	-	A1	-	ABI-HHV6A	USA	1986	Homo sapiens
MF994814	Human betaherpesvirus 6B	-	-	-	-	ABI-HHV6B	Zaire	1988	Homo sapiens
MF994815	Human betaherpesvirus 6A	-	-	A1	-	CO1	Germany	1991	Homo sapiens
MF994816	Human betaherpesvirus 6A	-	-	A1	-	CO2	Germany	1991	Homo sapiens
MF994817	Human betaherpesvirus 6A	-	-	A1	-	CO3	Germany	1991	Homo sapiens
MF994818	Human betaherpesvirus 6A	-	-	A1	-	CO4	Germany	1991	Homo sapiens
MF994819	Human betaherpesvirus 6A	-	-	A1	-	CO7	Germany	1991	Homo sapiens
MF994820	Human betaherpesvirus 6A	-	-	A1	-	DA	USA	1988	Homo sapiens
MF994821	Human betaherpesvirus 6B	-	-	-	-	ENO	Japan	1988	Homo sapiens
MF994822	Human betaherpesvirus 6A	-	-	A1	-	GS	USA	1986	Homo sapiens
MF994823	Human betaherpesvirus 6B	-	-	-	-	HST-CBMC	Japan	1988	Homo sapiens
MF994824	Human betaherpesvirus 6B	-	-	-	-	HST-MT4	Japan	1988	Homo sapiens
MF994825	Human betaherpesvirus 6B	-	-	-	-	KYO	Japan	1988	Homo sapiens
MF994826	Human betaherpesvirus 6B	-	-	B2	-	MAR	France	1991	Homo sapiens
MF994827	Human betaherpesvirus 6B	-	-	-	-	NAK	Japan	1988	Homo sapiens
MF994828	Human betaherpesvirus 6A	-	-	A1	-	SIE	Cote d'Ivoire	1988	Homo sapiens
MF994829	Human betaherpesvirus 6B	-	-	Z29	-	Z29	Democratic Republic of the Congo	1988	Homo sapiens
MG894368	Human betaherpesvirus 6B	TRUE	Chr19p	B5	-	iciHG00245	United Kingdom	2011	-
MG894369	Human betaherpesvirus 6B	-	-	-	-	iciHG00362	Finland	2011	-
MG894370	Human betaherpesvirus 6A	-	-	-	-	iciHG00657	China	2011	-
MG894371	Human betaherpesvirus 6A	TRUE	Chr19p	A3	-	iciHG01277	Colombia	2011	-
MG894372	Human betaherpesvirus 6B	-	-	-	-	iciHG02016	Viet Nam	2011	-
MG894373	Human betaherpesvirus 6B	TRUE	Chr3q	NK1	-	iciHG02301	Peru	2011	-
MG894374	Human betaherpesvirus 6A	-	-	-	-	iciNA18999	Japan	2009	-
MG894375	Human betaherpesvirus 6B	TRUE	Ch1q	NK2	-	iciNA19381	Kenya	2009	-
MG894376	Human betaherpesvirus 6B	TRUE	Ch1q	NK2	-	iciNA19382	Kenya	2009	-
MH698398	Human betaherpesvirus 6B	-	-	-	-	GTEX-14C38_icihhv6b	USA	2018	Homo sapiens
MH698399	Human betaherpesvirus 6B	-	-	-	-	GTEX-13FLV_icihhv6b	USA	2018	Homo sapiens
MH698400	Human betaherpesvirus 6A	-	-	-	-	GTEX-11DXY	USA	2018	Homo sapiens
MH698401	Human betaherpesvirus 6B	-	-	-	-	GTEX-YF7O_icihhv6b	USA	2018	Homo sapiens
MH698402	Human betaherpesvirus 6B	-	-	-	-	GTEX-OXRO_icihv6b	USA	2018	Homo sapiens
MH698403	Human betaherpesvirus 6A	-	-	-	-	GTEX-1314G_icihhv6b	USA	2018	Homo sapiens
MK630133	Human betaherpesvirus 6A	-	-	-	-	MOW-F1C	Russia	2017	Homo sapiens
MK630134	Human betaherpesvirus 6A	-	-	-	-	MOW-F1M	Russia	2017	Homo sapiens
MN242397	Human betaherpesvirus 6B	-	-	-	-	MOW-F5C	Russia:Moscow	2019	Homo sapiens
NC_000898	Human betaherpesvirus 6B	TRUE	NULL	-	-	Z29	Zaire	-	Homo sapiens
NC_001664	Human betaherpesvirus 6A	TRUE	NULL	A1	-	U1102	Uganda	-	Homo sapiens
X83413	Human betaherpesvirus 6A	-	-	-	-	U1102	Uganda	-	Homo sapiens